{"vanilla": {"ae_dim": {"256_128": 0.7751842737197876, "256_128_64": 0.7592137455940247, "256_128_64_32": 0.7598280310630798}, "embedding_dim": null, "gan_layers": null, "discriminator_steps": null, "pac": null, "gan_lr": null, "gan_batch_epoch": null, "ae_lr": null, "ae_batch_epoch": null}, "denoising": {"ae_dim": {"256_128": 0.7714987993240356, "256_128_64": 0.30850738286972046, "256_128_64_32": 0.7624385952949524}, "embedding_dim": null, "gan_layers": null, "discriminator_steps": null, "pac": null, "gan_lr": null, "gan_batch_epoch": null, "ae_lr": null, "ae_batch_epoch": null}, "vae": {"ae_dim": {"256_128": 0.7592137455940247, "256_128_64": 0.7593673467636108, "256_128_64_32": 0.7619779109954834}, "embedding_dim": null, "gan_layers": null, "discriminator_steps": null, "pac": null, "gan_lr": null, "gan_batch_epoch": null, "ae_lr": null, "ae_batch_epoch": null}, "ee": {"ae_dim": {"256_128": 0.7599815726280212, "256_128_64": 0.7693489193916321, "256_128_64_32": 0.7595208883285522}, "embedding_dim": null, "gan_layers": null, "discriminator_steps": null, "pac": null, "gan_lr": null, "gan_batch_epoch": null, "ae_lr": null, "ae_batch_epoch": null}}