{
    "adult": {
        "vanilla": [
            0.07392962979752087,
            0.38894711729636916,
            2.313177770785449
        ],
        "denoising": [
            0.11555602561362947,
            0.5492796719931483,
            2.6164543928703283
        ],
        "vae": [
            0.07349525192175826,
            0.495356835601599,
            4.903042472699099
        ],
        "ee": [
            0.11097573717396476,
            0.45601341486607017,
            4.60487199614971
        ]
    },
    "credit": {
        "vanilla": [],
        "denoising": [],
        "vae": [],
        "ee": []
    }
}